Country,Year,Value,Max,Min
afganistan,2021,39.13,63.65,20.86
afganistan,2020,39.37,64.19,20.91
afganistan,2019,39.45,63.8,20.91
afganistan,2018,39.23,63.66,20.9
afganistan,2017,38.97,62.35,21.38
afganistan,2016,38.76,61.41,21.42
albania,2021,76.81,128.79,31.95
albania,2020,74.97,125.9,31.52
albania,2019,74.23,123.67,31.39
albania,2018,72.49,121.38,30.99
albania,2017,71.08,120.35,30.5
albania,2016,68.06,115.58,28.51
alemania,2021,99.29,162.54,45.67
alemania,2020,100.26,163.5,46.08
alemania,2019,98.99,161.77,45.46
alemania,2018,100.31,162.58,46.78
alemania,2017,100.31,161.32,47.34
alemania,2016,100.91,162.19,48.08
andorra,2021,50.81,88.81,22.85
andorra,2020,49.26,85.37,22.14
andorra,2019,56.51,95.85,25.76
andorra,2018,56.39,95.3,26.0
andorra,2017,55.61,93.96,25.68
andorra,2016,54.18,90.81,24.98
angola,2021,20.99,33.62,11.81
angola,2020,20.48,32.57,11.68
angola,2019,19.77,30.86,11.25
angola,2018,19.06,29.45,10.9
angola,2017,18.43,28.73,10.79
angola,2016,17.78,27.61,10.47
antigua-barbuda,2021,106.38,152.22,65.66
antigua-barbuda,2020,100.56,144.83,61.9
antigua-barbuda,2019,107.29,154.74,65.99
antigua-barbuda,2018,102.51,148.87,64.64
antigua-barbuda,2017,98.85,143.22,63.18
antigua-barbuda,2016,94.85,137.52,58.38
arabia-saudita,2021,73.1,107.26,40.98
arabia-saudita,2020,70.63,103.0,39.28
arabia-saudita,2019,68.37,100.05,39.1
arabia-saudita,2018,66.16,96.88,38.62
arabia-saudita,2017,64.25,92.8,37.48
arabia-saudita,2016,62.57,90.07,36.71
argelia,2021,60.08,90.95,33.18
argelia,2020,58.61,87.89,33.06
argelia,2019,57.17,84.98,32.22
argelia,2018,54.88,81.45,30.8
argelia,2017,52.13,77.24,29.26
argelia,2016,50.25,74.19,28.76
argentina,2021,67.47,101.64,35.75
argentina,2020,71.66,108.27,38.65
argentina,2019,73.16,110.41,39.56
argentina,2018,72.83,109.99,39.23
argentina,2017,73.17,110.23,39.36
argentina,2016,74.98,112.51,40.15
armenia,2021,92.45,145.07,43.53
armenia,2020,94.18,147.96,45.87
armenia,2019,92.1,142.48,44.11
armenia,2018,93.72,144.81,45.65
armenia,2017,96.75,148.54,48.44
armenia,2016,99.62,153.33,48.87
australia,2021,58.18,96.11,21.27
australia,2020,55.23,91.7,20.06
australia,2019,57.31,95.39,21.03
australia,2018,55.55,92.71,20.25
australia,2017,56.0,93.33,20.9
australia,2016,56.19,93.76,21.15
austria,2021,81.58,130.27,39.08
austria,2020,86.16,135.98,42.02
austria,2019,84.84,133.53,41.89
austria,2018,87.03,136.77,42.68
austria,2017,86.16,134.73,42.28
austria,2016,87.84,136.29,43.77
azerbaiyan,2021,70.89,115.43,33.86
azerbaiyan,2020,71.64,111.96,33.92
azerbaiyan,2019,72.65,111.19,34.9
azerbaiyan,2018,72.49,110.53,34.78
azerbaiyan,2017,74.86,115.25,35.27
azerbaiyan,2016,73.11,111.54,34.74
bahamas,2021,103.56,148.37,65.53
bahamas,2020,102.05,144.21,63.81
bahamas,2019,100.73,141.14,63.94
bahamas,2018,98.13,136.58,63.27
bahamas,2017,95.92,131.25,63.22
bahamas,2016,94.83,129.19,62.85
banglades,2021,17.22,28.67,8.15
banglades,2020,16.58,27.32,7.87
banglades,2019,15.88,26.07,7.86
banglades,2018,15.15,24.82,7.51
banglades,2017,14.41,23.3,7.07
banglades,2016,13.39,21.68,6.67
barbados,2021,146.13,228.46,71.28
barbados,2020,145.08,224.31,70.74
barbados,2019,148.1,229.34,74.59
barbados,2018,140.49,218.01,72.16
barbados,2017,135.13,207.68,69.79
barbados,2016,130.9,199.31,67.52
barein,2021,62.17,91.71,31.77
barein,2020,57.91,84.41,29.82
barein,2019,54.07,78.0,27.57
barein,2018,50.89,73.38,25.81
barein,2017,49.13,70.79,24.93
barein,2016,47.33,68.25,24.37
belgica,2021,53.31,90.25,19.63
belgica,2020,55.31,94.55,20.93
belgica,2019,55.73,94.74,20.7
belgica,2018,55.88,94.49,20.59
belgica,2017,55.81,93.82,20.58
belgica,2016,56.11,93.46,20.88
belice,2021,62.44,88.13,35.54
belice,2020,61.41,85.16,35.87
belice,2019,62.85,87.47,36.57
belice,2018,61.93,85.39,36.28
belice,2017,59.68,81.67,35.4
belice,2016,57.9,79.79,34.31
benin,2021,18.74,29.73,10.32
benin,2020,18.65,29.74,10.33
benin,2019,18.22,28.96,10.29
benin,2018,17.93,28.34,10.07
benin,2017,18.03,27.92,9.98
benin,2016,17.95,27.88,10.05
bielorrusia,2021,134.69,235.55,46.11
bielorrusia,2020,134.16,231.5,46.43
bielorrusia,2019,132.22,225.05,47.48
bielorrusia,2018,127.74,217.6,46.21
bielorrusia,2017,123.38,210.97,44.33
bielorrusia,2016,122.77,208.93,44.19
birmania,2021,35.13,55.67,18.39
birmania,2020,34.33,53.64,18.25
birmania,2019,33.45,52.12,17.83
birmania,2018,32.63,50.42,17.69
birmania,2017,31.88,48.99,17.42
birmania,2016,31.23,47.82,16.89
bolivia,2021,52.94,84.34,25.84
bolivia,2020,53.23,85.24,26.12
bolivia,2019,52.79,83.92,26.51
bolivia,2018,51.44,81.38,26.31
bolivia,2017,50.15,79.16,25.39
bolivia,2016,49.04,76.17,24.74
bosnia-herzegovina,2021,122.4,194.49,53.25
bosnia-herzegovina,2020,128.46,203.67,57.02
bosnia-herzegovina,2019,125.55,200.12,56.15
bosnia-herzegovina,2018,119.58,190.3,53.13
bosnia-herzegovina,2017,117.36,184.37,52.72
bosnia-herzegovina,2016,114.41,179.11,51.69
botsuana,2021,48.68,72.41,25.39
botsuana,2020,48.15,71.69,25.5
botsuana,2019,46.6,69.95,24.93
botsuana,2018,45.5,69.58,24.6
botsuana,2017,45.38,70.03,25.29
botsuana,2016,46.59,70.75,25.58
brasil,2021,59.71,90.42,28.98
brasil,2020,59.86,90.44,29.98
brasil,2019,57.73,87.52,28.59
brasil,2018,56.11,84.96,27.75
brasil,2017,55.12,83.41,27.4
brasil,2016,54.53,82.73,27.0
brunei,2021,35.93,54.66,17.64
brunei,2020,35.36,54.78,17.21
brunei,2019,34.92,53.19,17.31
brunei,2018,34.43,52.97,17.09
brunei,2017,33.8,51.92,16.83
brunei,2016,33.22,50.86,16.56
bulgaria,2021,275.95,398.17,172.36
bulgaria,2020,281.7,394.33,177.09
bulgaria,2019,273.48,384.9,173.14
bulgaria,2018,274.3,384.93,173.52
bulgaria,2017,272.96,383.6,174.55
bulgaria,2016,271.73,384.34,174.48
burkina-faso,2021,12.02,18.49,7.52
burkina-faso,2020,12.05,18.24,7.51
burkina-faso,2019,12.11,18.37,7.61
burkina-faso,2018,12.12,18.17,7.55
burkina-faso,2017,12.19,18.32,7.54
burkina-faso,2016,12.06,18.27,7.43
burundi,2021,10.45,16.65,5.85
burundi,2020,10.19,16.35,5.73
burundi,2019,10.0,15.84,5.68
burundi,2018,9.83,15.42,5.58
burundi,2017,9.64,14.89,5.51
burundi,2016,9.36,14.3,5.35
butan,2021,31.8,53.69,16.4
butan,2020,30.8,52.24,15.99
butan,2019,29.68,49.23,15.23
butan,2018,28.67,47.45,14.86
butan,2017,27.71,45.66,14.33
butan,2016,26.88,44.08,13.84
cabo-verde,2021,44.26,72.2,23.26
cabo-verde,2020,43.49,69.69,23.07
cabo-verde,2019,42.55,68.13,22.5
cabo-verde,2018,41.75,66.14,22.12
cabo-verde,2017,36.82,59.51,19.59
cabo-verde,2016,35.45,56.51,18.63
camboya,2021,19.32,29.96,10.88
camboya,2020,18.75,29.1,10.45
camboya,2019,18.14,28.14,10.19
camboya,2018,17.55,27.2,9.95
camboya,2017,16.93,26.23,9.83
camboya,2016,16.32,25.24,9.48
camerun,2021,36.5,57.55,19.2
camerun,2020,36.62,57.85,18.97
camerun,2019,36.54,56.84,18.87
camerun,2018,36.35,57.33,18.52
camerun,2017,36.15,57.1,18.28
camerun,2016,36.25,56.92,18.07
canada,2021,59.04,95.94,23.37
canada,2020,59.6,96.43,23.45
canada,2019,60.66,97.73,24.13
canada,2018,59.91,96.46,23.62
canada,2017,58.97,95.33,23.05
canada,2016,57.58,93.11,22.31
catar,2021,24.24,37.09,12.07
catar,2020,23.5,36.16,11.88
catar,2019,23.86,36.51,12.14
catar,2018,23.88,36.53,12.08
catar,2017,23.76,35.74,12.17
catar,2016,23.89,35.71,12.18
chad,2021,14.18,22.77,7.78
chad,2020,14.29,23.07,7.82
chad,2019,14.3,23.05,7.79
chad,2018,14.29,23.21,7.79
chad,2017,14.26,23.18,7.75
chad,2016,14.22,23.2,7.84
chile,2021,59.64,91.18,31.17
chile,2020,58.15,88.27,30.69
chile,2019,60.57,91.65,32.35
chile,2018,59.52,90.28,31.63
chile,2017,61.54,93.06,32.44
chile,2016,61.34,93.27,32.43
china,2021,40.46,64.93,20.47
china,2020,38.32,61.58,18.48
china,2019,36.41,57.68,18.26
china,2018,34.71,54.74,17.4
china,2017,33.24,52.65,17.04
china,2016,31.7,50.56,16.99
chipre,2021,61.32,99.94,29.85
chipre,2020,60.86,99.3,29.98
chipre,2019,62.58,100.87,30.28
chipre,2018,60.41,97.03,29.77
chipre,2017,59.15,94.5,29.25
chipre,2016,57.77,91.39,28.57
colombia,2021,42.84,68.36,19.94
colombia,2020,41.66,65.75,20.11
colombia,2019,39.57,62.49,19.47
colombia,2018,39.45,61.94,19.73
colombia,2017,37.17,57.93,18.62
colombia,2016,36.51,56.47,18.3
comoras,2021,36.26,58.42,20.39
comoras,2020,35.08,56.76,19.87
comoras,2019,33.5,53.42,18.71
comoras,2018,32.11,51.35,17.95
comoras,2017,31.53,49.69,18.1
comoras,2016,30.6,48.1,17.41
congo,2021,46.63,71.97,26.38
congo,2020,45.74,70.81,25.71
congo,2019,44.42,69.49,25.32
congo,2018,43.18,67.16,24.45
congo,2017,42.05,65.87,23.57
congo,2016,41.09,63.39,23.17
corea-del-norte,2021,39.33,67.48,20.22
corea-del-norte,2020,37.7,64.38,19.26
corea-del-norte,2019,36.18,61.39,19.2
corea-del-norte,2018,34.76,58.59,18.76
corea-del-norte,2017,33.36,56.19,18.18
corea-del-norte,2016,32.14,54.35,17.37
corea-del-sur,2021,28.06,45.61,12.72
corea-del-sur,2020,25.72,42.6,11.7
corea-del-sur,2019,24.98,40.19,11.44
corea-del-sur,2018,24.26,39.33,11.14
corea-del-sur,2017,23.22,38.06,10.6
corea-del-sur,2016,22.58,36.78,10.35
costa-marfil,2021,24.76,39.3,13.5
costa-marfil,2020,24.58,38.81,13.4
costa-marfil,2019,24.26,38.58,13.14
costa-marfil,2018,24.44,38.35,13.18
costa-marfil,2017,24.36,37.79,13.13
costa-marfil,2016,24.21,37.33,12.99
costa-rica,2021,54.04,82.8,27.58
costa-rica,2020,50.98,77.27,26.69
costa-rica,2019,51.41,78.63,26.9
costa-rica,2018,48.59,74.5,25.56
costa-rica,2017,45.86,69.45,23.78
costa-rica,2016,43.6,66.73,22.42
croacia,2021,135.51,217.38,62.49
croacia,2020,132.83,212.85,63.39
croacia,2019,130.41,207.0,61.19
croacia,2018,131.02,205.78,61.46
croacia,2017,129.88,206.59,61.61
croacia,2016,125.66,198.23,61.67
cuba,2021,78.65,122.38,40.24
cuba,2020,77.58,119.14,40.83
cuba,2019,76.08,115.06,39.79
cuba,2018,72.77,111.23,37.93
cuba,2017,70.41,107.3,36.86
cuba,2016,65.86,99.65,33.83
dinamarca,2021,55.02,91.95,20.97
dinamarca,2020,54.0,89.41,20.76
dinamarca,2019,54.08,89.34,20.59
dinamarca,2018,54.22,89.81,20.55
dinamarca,2017,53.05,88.42,20.06
dinamarca,2016,53.17,88.77,19.89
dominica,2021,164.38,237.39,93.34
dominica,2020,161.74,231.95,93.42
dominica,2019,157.92,227.26,92.41
dominica,2018,153.99,218.97,91.63
dominica,2017,150.34,211.92,90.09
dominica,2016,146.88,207.84,87.96
ecuador,2021,56.46,84.46,30.94
ecuador,2020,56.46,84.75,31.27
ecuador,2019,57.27,83.71,31.33
ecuador,2018,57.83,84.41,32.8
ecuador,2017,57.7,84.17,33.18
ecuador,2016,57.36,83.74,33.86
egipto,2021,105.18,155.42,59.4
egipto,2020,103.36,147.66,57.75
egipto,2019,101.18,142.36,57.91
egipto,2018,99.61,141.02,57.08
egipto,2017,96.65,137.25,55.29
egipto,2016,99.12,141.11,56.41
el-salvador,2021,80.36,123.98,40.3
el-salvador,2020,81.35,120.41,42.32
el-salvador,2019,78.82,115.19,40.73
el-salvador,2018,74.56,109.5,38.78
el-salvador,2017,75.48,111.2,39.66
el-salvador,2016,73.53,107.87,38.23
emiratos-arabes-unidos,2021,29.13,43.23,15.5
emiratos-arabes-unidos,2020,26.44,39.46,13.83
emiratos-arabes-unidos,2019,30.75,46.49,16.19
emiratos-arabes-unidos,2018,27.76,42.31,14.63
emiratos-arabes-unidos,2017,26.02,39.04,13.71
emiratos-arabes-unidos,2016,25.23,37.6,13.36
eritrea,2021,15.08,25.11,8.08
eritrea,2020,14.59,23.86,7.77
eritrea,2019,14.1,23.2,7.46
eritrea,2018,13.71,22.18,7.31
eritrea,2017,13.29,21.46,7.21
eritrea,2016,12.85,20.83,7.01
eslovaquia,2021,114.93,184.85,51.32
eslovaquia,2020,113.92,180.17,51.48
eslovaquia,2019,111.2,176.51,49.41
eslovaquia,2018,112.68,177.08,50.4
eslovaquia,2017,111.04,174.54,49.23
eslovaquia,2016,107.83,171.01,47.88
eslovenia,2021,99.6,155.38,49.52
eslovenia,2020,104.64,158.56,50.83
eslovenia,2019,100.74,151.76,49.31
eslovenia,2018,99.64,150.85,49.23
eslovenia,2017,98.84,148.56,49.89
eslovenia,2016,95.3,143.13,48.51
espana,2021,80.05,130.94,32.5
espana,2020,81.21,132.32,33.54
espana,2019,79.65,129.7,32.71
espana,2018,79.1,129.04,32.34
espana,2017,77.24,125.48,31.96
espana,2016,75.34,122.43,31.34
estonia,2021,189.52,271.68,112.2
estonia,2020,187.45,263.54,110.96
estonia,2019,185.27,264.2,108.14
estonia,2018,187.02,266.6,110.91
estonia,2017,185.46,263.79,112.51
estonia,2016,193.78,268.45,119.21
etiopia,2021,10.52,16.49,6.3
etiopia,2020,10.31,15.74,5.94
etiopia,2019,10.07,15.78,6.12
etiopia,2018,9.8,15.26,5.81
etiopia,2017,9.56,14.58,5.85
etiopia,2016,9.37,13.91,5.66
filipinas,2021,39.72,61.33,21.32
filipinas,2020,38.55,57.42,21.16
filipinas,2019,38.45,58.23,21.14
filipinas,2018,36.96,55.85,20.25
filipinas,2017,35.98,53.81,20.14
filipinas,2016,35.62,53.08,20.04
finlandia,2021,86.52,139.33,40.03
finlandia,2020,84.97,136.14,39.64
finlandia,2019,84.38,135.92,38.41
finlandia,2018,83.87,134.6,38.24
finlandia,2017,82.16,133.86,36.69
finlandia,2016,80.43,131.64,35.08
fiyi,2021,222.07,329.43,110.43
fiyi,2020,220.14,329.7,109.0
fiyi,2019,216.6,324.55,108.17
fiyi,2018,212.28,318.46,108.42
fiyi,2017,208.51,309.08,104.25
fiyi,2016,205.44,299.76,101.98
francia,2021,58.76,98.44,23.68
francia,2020,59.14,98.42,24.48
francia,2019,58.83,98.91,24.61
francia,2018,58.11,97.13,24.1
francia,2017,57.24,95.07,23.45
francia,2016,55.98,92.39,22.67
gabon,2021,70.11,108.07,39.72
gabon,2020,69.95,108.92,39.46
gabon,2019,69.23,107.54,39.17
gabon,2018,68.0,106.27,39.02
gabon,2017,66.59,102.36,38.67
gabon,2016,65.34,100.56,38.04
gambia,2021,29.44,48.59,16.24
gambia,2020,29.39,47.92,16.13
gambia,2019,29.61,48.39,16.42
gambia,2018,28.66,47.37,15.68
gambia,2017,28.54,46.69,15.72
gambia,2016,26.96,43.32,14.77
georgia,2021,125.1,188.63,70.01
georgia,2020,131.78,197.34,74.05
georgia,2019,126.11,187.34,70.5
georgia,2018,129.82,190.12,73.13
georgia,2017,142.0,206.82,81.86
georgia,2016,155.22,222.77,91.76
ghana,2021,33.27,54.38,17.24
ghana,2020,32.93,54.83,17.07
ghana,2019,32.35,52.61,16.99
ghana,2018,31.78,51.05,16.75
ghana,2017,31.04,50.02,15.92
ghana,2016,30.18,48.12,15.62
granada,2021,110.39,161.69,60.69
granada,2020,109.88,161.06,61.07
granada,2019,107.13,155.56,59.49
granada,2018,101.94,145.92,56.03
granada,2017,95.1,137.85,53.23
granada,2016,92.46,134.09,52.04
grecia,2021,115.46,184.78,53.38
grecia,2020,111.8,178.35,52.31
grecia,2019,107.84,172.65,49.88
grecia,2018,104.07,166.32,48.4
grecia,2017,101.12,161.05,46.94
grecia,2016,96.9,154.41,45.59
guatemala,2021,52.82,80.32,27.39
guatemala,2020,51.57,76.0,27.12
guatemala,2019,53.76,78.91,27.79
guatemala,2018,50.66,73.9,26.19
guatemala,2017,48.26,70.99,25.01
guatemala,2016,47.88,70.03,24.99
guinea,2021,21.62,33.79,12.05
guinea,2020,22.0,34.2,12.42
guinea,2019,22.24,34.43,12.63
guinea,2018,22.48,34.84,12.66
guinea,2017,22.68,35.31,12.72
guinea,2016,22.98,35.5,12.97
guinea-bisau,2021,27.23,43.84,15.33
guinea-bisau,2020,27.35,43.62,15.19
guinea-bisau,2019,27.34,43.57,15.31
guinea-bisau,2018,27.14,42.83,14.99
guinea-bisau,2017,26.86,42.11,14.78
guinea-bisau,2016,26.61,41.77,14.54
guinea-ecuatorial,2021,32.68,52.84,16.58
guinea-ecuatorial,2020,32.31,52.26,16.77
guinea-ecuatorial,2019,31.56,50.87,16.3
guinea-ecuatorial,2018,30.29,48.68,15.58
guinea-ecuatorial,2017,29.22,46.78,14.94
guinea-ecuatorial,2016,28.36,45.72,14.16
guyana,2021,109.43,163.31,60.48
guyana,2020,109.46,161.29,63.06
guyana,2019,108.71,160.4,63.54
guyana,2018,108.48,157.98,63.36
guyana,2017,106.65,154.91,62.68
guyana,2016,103.83,149.99,61.8
haiti,2021,36.47,57.71,17.78
haiti,2020,36.1,57.64,17.87
haiti,2019,35.65,57.63,17.51
haiti,2018,34.74,56.29,17.21
haiti,2017,33.91,54.05,16.89
haiti,2016,33.4,53.12,16.8
honduras,2021,45.31,69.03,23.79
honduras,2020,45.12,68.1,23.77
honduras,2019,44.61,67.43,23.61
honduras,2018,43.92,66.06,23.53
honduras,2017,43.32,65.5,23.23
honduras,2016,42.45,64.38,22.7
hungria,2021,157.6,239.1,82.23
hungria,2020,164.03,247.67,90.4
hungria,2019,162.11,240.81,88.87
hungria,2018,163.78,240.58,91.07
hungria,2017,162.31,239.63,89.57
hungria,2016,156.87,230.4,86.84
india,2021,24.28,37.99,11.35
india,2020,23.95,38.44,11.19
india,2019,23.59,37.63,11.14
india,2018,22.67,35.68,10.74
india,2017,21.52,33.31,10.08
india,2016,20.65,32.42,9.68
indonesia,2021,31.43,47.49,17.54
indonesia,2020,30.69,47.22,16.81
indonesia,2019,29.73,47.67,16.21
indonesia,2018,28.81,42.9,15.54
indonesia,2017,27.99,43.44,15.59
indonesia,2016,27.18,42.01,15.09
irak,2021,66.42,104.28,30.89
irak,2020,66.13,104.09,30.9
irak,2019,61.08,96.54,28.74
irak,2018,57.62,91.89,26.92
irak,2017,54.8,86.98,25.77
irak,2016,53.53,85.39,25.55
iran,2021,58.44,85.79,31.54
iran,2020,57.01,84.06,31.23
iran,2019,58.27,86.01,31.87
iran,2018,55.65,80.74,30.15
iran,2017,53.87,79.06,29.27
iran,2016,51.87,75.28,28.54
irlanda,2021,40.49,68.37,14.19
irlanda,2020,41.92,70.37,14.96
irlanda,2019,43.44,73.64,15.68
irlanda,2018,43.28,73.46,15.75
irlanda,2017,42.55,72.01,15.45
irlanda,2016,42.94,72.96,15.88
islandia,2021,46.84,80.81,16.33
islandia,2020,45.07,78.15,15.7
islandia,2019,46.32,79.52,16.4
islandia,2018,46.01,79.38,16.46
islandia,2017,46.54,79.84,16.99
islandia,2016,47.03,80.39,17.37
islas-marshall,2021,153.19,234.79,68.25
islas-marshall,2020,149.73,228.61,66.49
islas-marshall,2019,146.2,221.62,65.3
islas-marshall,2018,142.81,217.69,64.28
islas-marshall,2017,139.38,211.75,64.02
islas-marshall,2016,135.92,206.09,62.6
islas-salomon,2021,67.42,108.29,29.66
islas-salomon,2020,67.27,107.7,29.65
islas-salomon,2019,65.7,106.25,29.31
islas-salomon,2018,63.8,102.98,28.31
islas-salomon,2017,62.08,98.83,27.65
islas-salomon,2016,60.09,95.78,27.02
israel,2021,44.76,72.99,17.77
israel,2020,44.89,73.3,17.97
israel,2019,45.72,74.32,18.39
israel,2018,45.05,72.75,18.19
israel,2017,45.46,73.06,18.38
israel,2016,46.02,73.91,18.84
italia,2021,100.68,160.16,46.46
italia,2020,100.42,160.21,45.99
italia,2019,97.46,155.72,45.41
italia,2018,96.22,153.37,44.94
italia,2017,94.92,151.43,44.32
italia,2016,92.27,147.14,43.29
jamaica,2021,99.88,153.66,52.82
jamaica,2020,96.0,149.12,50.83
jamaica,2019,97.11,149.55,53.26
jamaica,2018,93.15,141.54,51.7
jamaica,2017,90.6,135.54,51.11
jamaica,2016,88.42,131.85,49.06
japon,2021,36.11,60.44,17.51
japon,2020,34.05,56.34,16.83
japon,2019,33.66,55.8,16.81
japon,2018,32.5,53.98,16.4
japon,2017,31.15,51.63,15.86
japon,2016,29.64,49.37,15.12
jordania,2021,49.83,75.26,28.12
jordania,2020,47.64,70.39,27.29
jordania,2019,44.8,65.32,26.06
jordania,2018,43.01,61.2,24.78
jordania,2017,42.94,60.81,24.96
jordania,2016,42.71,60.37,24.89
kazajistan,2021,54.93,90.99,22.09
kazajistan,2020,57.0,92.4,23.28
kazajistan,2019,55.79,91.21,22.89
kazajistan,2018,55.66,90.31,22.95
kazajistan,2017,55.25,90.73,22.75
kazajistan,2016,57.04,91.7,23.82
kenia,2021,20.74,33.35,11.3
kenia,2020,20.31,31.13,11.26
kenia,2019,19.8,31.39,10.9
kenia,2018,19.2,30.72,10.52
kenia,2017,18.6,30.48,10.15
kenia,2016,18.04,27.72,9.95
kirguistan,2021,44.37,69.68,19.9
kirguistan,2020,44.58,69.95,20.17
kirguistan,2019,44.3,70.02,20.08
kirguistan,2018,44.6,70.47,20.33
kirguistan,2017,45.73,72.05,20.72
kirguistan,2016,45.3,73.19,19.48
kiribati,2021,135.51,214.18,60.48
kiribati,2020,133.64,212.16,61.0
kiribati,2019,131.76,210.37,60.32
kiribati,2018,130.03,207.48,58.84
kiribati,2017,128.31,204.61,57.46
kiribati,2016,126.18,201.29,55.79
kuwait,2021,42.34,64.38,21.13
kuwait,2020,42.93,61.29,22.29
kuwait,2019,38.84,55.65,19.85
kuwait,2018,36.27,51.68,18.48
kuwait,2017,35.8,51.26,18.36
kuwait,2016,34.7,50.0,17.94
laos,2021,26.43,43.59,14.02
laos,2020,25.92,41.93,13.61
laos,2019,25.3,40.13,13.39
laos,2018,24.72,39.68,13.2
laos,2017,24.19,39.09,13.03
laos,2016,23.66,37.88,12.59
lesoto,2021,85.71,146.08,45.29
lesoto,2020,88.35,148.77,46.92
lesoto,2019,88.51,147.92,46.5
lesoto,2018,87.68,145.49,46.11
lesoto,2017,87.88,147.43,45.76
lesoto,2016,89.22,148.4,46.78
letonia,2021,161.24,261.53,77.64
letonia,2020,161.44,257.4,77.77
letonia,2019,157.27,252.02,74.6
letonia,2018,160.94,257.04,76.91
letonia,2017,158.07,249.74,74.29
letonia,2016,153.8,244.42,71.15
libano,2021,81.39,124.44,39.8
libano,2020,79.34,122.87,39.19
libano,2019,76.14,115.52,37.81
libano,2018,72.43,111.86,35.88
libano,2017,70.31,108.38,35.22
libano,2016,68.81,105.77,33.93
liberia,2021,33.26,52.72,18.58
liberia,2020,32.68,50.92,18.64
liberia,2019,31.92,50.03,18.16
liberia,2018,31.2,49.48,17.54
liberia,2017,30.93,49.07,17.36
liberia,2016,31.05,48.77,17.27
libia,2021,85.14,133.54,44.72
libia,2020,83.17,126.32,43.53
libia,2019,80.56,122.37,42.07
libia,2018,77.46,116.7,39.8
libia,2017,74.43,110.64,38.44
libia,2016,70.71,104.64,36.69
lituania,2021,146.46,242.57,62.08
lituania,2020,145.29,236.44,62.32
lituania,2019,143.5,233.53,60.96
lituania,2018,141.96,230.65,60.36
lituania,2017,139.16,228.27,58.02
lituania,2016,139.93,228.79,56.82
luxemburgo,2021,49.11,80.9,21.12
luxemburgo,2020,50.3,82.57,21.94
luxemburgo,2019,52.41,85.04,23.12
luxemburgo,2018,53.58,86.07,24.04
luxemburgo,2017,53.08,85.45,23.81
luxemburgo,2016,53.74,86.77,24.38
macedonia,2021,128.55,202.99,64.76
macedonia,2020,130.4,201.48,65.3
macedonia,2019,132.92,204.13,67.53
macedonia,2018,131.62,201.95,67.14
macedonia,2017,130.41,201.65,66.13
macedonia,2016,131.87,200.76,67.68
madagascar,2021,19.57,30.66,10.87
madagascar,2020,19.03,29.43,10.84
madagascar,2019,18.49,28.89,10.67
madagascar,2018,17.98,28.49,10.23
madagascar,2017,17.41,27.36,10.24
madagascar,2016,16.89,26.53,9.98
malasia,2021,39.39,60.54,17.7
malasia,2020,35.03,54.39,15.67
malasia,2019,36.63,56.92,16.54
malasia,2018,35.61,55.06,16.18
malasia,2017,34.58,53.64,15.75
malasia,2016,32.98,50.81,15.05
malaui,2021,18.25,29.34,10.42
malaui,2020,18.06,29.51,10.49
malaui,2019,17.63,28.74,10.12
malaui,2018,17.15,27.87,9.97
malaui,2017,16.63,27.0,9.57
malaui,2016,16.19,26.1,9.31
maldivas,2021,15.41,24.74,8.12
maldivas,2020,14.31,22.59,7.68
maldivas,2019,14.62,23.03,7.72
maldivas,2018,14.34,22.39,7.59
maldivas,2017,14.02,21.68,7.52
maldivas,2016,13.7,20.88,7.54
mali,2021,15.74,25.25,8.28
mali,2020,15.96,25.71,8.46
mali,2019,16.15,26.4,8.56
mali,2018,16.21,25.84,8.65
mali,2017,16.24,25.66,8.72
mali,2016,16.18,25.63,8.69
malta,2021,76.96,126.54,32.39
malta,2020,69.96,115.85,29.72
malta,2019,71.61,118.34,30.01
malta,2018,69.79,115.39,29.2
malta,2017,68.08,112.47,28.73
malta,2016,67.16,111.03,28.37
marruecos,2021,86.74,133.9,47.38
marruecos,2020,85.1,131.24,46.0
marruecos,2019,83.0,127.61,44.33
marruecos,2018,80.42,124.47,43.07
marruecos,2017,77.25,119.51,40.96
marruecos,2016,74.4,116.85,39.74
mauricio,2021,152.22,221.96,82.76
mauricio,2020,140.38,204.1,76.19
mauricio,2019,141.42,205.05,75.69
mauricio,2018,132.93,191.11,71.3
mauricio,2017,126.79,184.86,67.02
mauricio,2016,123.89,178.44,65.52
mauritania,2021,39.91,61.66,21.22
mauritania,2020,38.97,60.04,20.94
mauritania,2019,38.41,59.16,20.54
mauritania,2018,36.93,57.11,19.71
mauritania,2017,36.29,55.36,19.44
mauritania,2016,35.03,52.96,18.83
mexico,2021,90.38,132.07,47.67
mexico,2020,86.86,123.85,44.72
mexico,2019,84.6,123.06,44.86
mexico,2018,81.99,119.37,43.67
mexico,2017,79.96,116.46,43.25
mexico,2016,78.1,113.79,42.41
micronesia,2021,147.5,227.61,67.46
micronesia,2020,143.92,221.09,66.49
micronesia,2019,140.03,215.7,65.45
micronesia,2018,136.41,209.21,63.81
micronesia,2017,132.8,205.25,60.79
micronesia,2016,129.23,199.24,57.83
moldavia,2021,143.35,216.91,70.37
moldavia,2020,139.27,210.58,70.18
moldavia,2019,137.58,209.75,71.17
moldavia,2018,136.04,204.16,70.15
moldavia,2017,132.98,201.69,68.5
moldavia,2016,137.52,207.98,70.29
mongolia,2021,37.24,62.81,15.83
mongolia,2020,36.9,62.1,14.98
mongolia,2019,37.72,63.16,15.93
mongolia,2018,37.43,62.8,15.55
mongolia,2017,37.2,62.6,15.01
mongolia,2016,37.36,63.8,14.83
montenegro,2021,131.05,215.24,56.02
montenegro,2020,138.57,224.98,59.88
montenegro,2019,133.4,215.46,56.56
montenegro,2018,131.73,213.75,55.55
montenegro,2017,130.65,211.65,55.29
montenegro,2016,127.68,206.38,54.83
mozambique,2021,19.93,32.46,11.1
mozambique,2020,19.94,32.25,11.16
mozambique,2019,19.85,32.49,11.26
mozambique,2018,19.68,32.01,11.13
mozambique,2017,19.65,31.43,11.13
mozambique,2016,19.52,30.88,10.98
namibia,2021,57.78,90.05,29.46
namibia,2020,57.79,89.78,29.38
namibia,2019,56.73,88.32,29.01
namibia,2018,55.54,86.37,28.18
namibia,2017,54.14,85.16,27.53
namibia,2016,52.79,82.72,26.58
nauru,2021,163.97,248.51,74.48
nauru,2020,163.06,246.93,73.7
nauru,2019,162.43,248.69,74.25
nauru,2018,162.11,249.13,73.9
nauru,2017,161.73,247.92,73.9
nauru,2016,161.09,247.4,74.11
nepal,2021,19.56,33.29,9.86
nepal,2020,19.17,32.34,9.72
nepal,2019,18.62,31.0,9.47
nepal,2018,18.08,29.92,9.35
nepal,2017,17.47,28.24,9.01
nepal,2016,16.87,27.02,8.66
nicaragua,2021,44.85,68.01,25.43
nicaragua,2020,44.6,65.9,24.74
nicaragua,2019,46.26,68.15,25.63
nicaragua,2018,45.47,66.78,24.96
nicaragua,2017,44.03,64.82,24.19
nicaragua,2016,44.5,65.44,24.4
niger,2021,10.25,16.23,5.61
niger,2020,10.32,16.23,5.64
niger,2019,10.35,15.87,5.67
niger,2018,10.3,16.15,5.61
niger,2017,10.23,16.25,5.44
niger,2016,10.17,16.43,5.42
nigeria,2021,20.31,31.26,10.52
nigeria,2020,20.07,31.51,10.23
nigeria,2019,19.9,31.2,10.14
nigeria,2018,19.7,30.26,10.02
nigeria,2017,19.48,30.69,10.48
nigeria,2016,19.26,30.11,10.42
noruega,2021,39.86,68.82,14.68
noruega,2020,38.76,66.06,14.39
noruega,2019,39.27,67.75,14.55
noruega,2018,39.11,67.43,14.55
noruega,2017,39.37,67.75,14.46
noruega,2016,40.27,68.7,14.89
nueva-zelanda,2021,55.49,91.37,21.13
nueva-zelanda,2020,53.2,87.98,20.39
nueva-zelanda,2019,55.43,91.77,21.14
nueva-zelanda,2018,54.79,90.41,20.99
nueva-zelanda,2017,54.61,90.58,20.88
nueva-zelanda,2016,53.89,89.2,20.94
oman,2021,40.46,57.77,23.15
oman,2020,41.85,59.89,23.41
oman,2019,43.28,61.46,24.69
oman,2018,42.83,61.43,24.38
oman,2017,44.49,63.52,25.27
oman,2016,45.36,64.47,25.73
paises-bajos,2021,54.58,92.01,20.4
paises-bajos,2020,53.71,90.38,20.16
paises-bajos,2019,52.74,89.18,19.71
paises-bajos,2018,52.46,88.64,19.66
paises-bajos,2017,52.2,87.73,19.73
paises-bajos,2016,52.35,88.12,19.96
pakistan,2021,29.94,48.21,15.02
pakistan,2020,29.79,47.27,14.83
pakistan,2019,29.36,47.27,14.13
pakistan,2018,29.03,48.43,14.14
pakistan,2017,28.74,46.32,14.62
pakistan,2016,28.39,46.36,14.45
panama,2021,61.05,95.14,28.63
panama,2020,61.19,92.03,30.2
panama,2019,59.85,89.73,29.91
panama,2018,58.92,88.23,30.06
panama,2017,59.16,88.21,29.81
panama,2016,56.73,85.88,28.75
papua-nueva-guinea,2021,38.16,62.47,17.2
papua-nueva-guinea,2020,38.01,62.44,17.26
papua-nueva-guinea,2019,37.47,61.19,17.32
papua-nueva-guinea,2018,36.15,58.73,16.68
papua-nueva-guinea,2017,35.54,56.72,16.08
papua-nueva-guinea,2016,34.85,55.64,15.44
paraguay,2021,62.77,99.04,31.7
paraguay,2020,62.56,96.75,31.62
paraguay,2019,64.96,96.26,33.53
paraguay,2018,62.31,92.49,31.71
paraguay,2017,59.43,87.92,29.6
paraguay,2016,60.34,87.7,30.53
peru,2021,36.46,58.23,18.33
peru,2020,37.52,57.88,18.66
peru,2019,39.32,60.73,19.17
peru,2018,36.07,55.44,18.04
peru,2017,33.78,51.18,17.29
peru,2016,30.1,45.61,15.58
polonia,2021,103.58,163.98,47.05
polonia,2020,102.24,160.1,48.29
polonia,2019,100.71,159.61,47.65
polonia,2018,99.96,158.7,47.16
polonia,2017,95.47,152.08,44.1
polonia,2016,91.91,146.48,41.74
portugal,2021,87.23,143.12,36.61
portugal,2020,86.2,141.44,36.75
portugal,2019,85.14,141.21,35.87
portugal,2018,83.49,137.95,35.07
portugal,2017,81.23,134.16,33.81
portugal,2016,80.12,132.34,33.32
republica-centroafricana,2021,34.67,61.77,18.12
republica-centroafricana,2020,34.27,61.67,17.88
republica-centroafricana,2019,33.84,61.63,17.41
republica-centroafricana,2018,33.1,60.42,16.94
republica-centroafricana,2017,32.33,59.79,16.4
republica-centroafricana,2016,31.63,58.52,16.11
republica-checa,2021,118.46,193.5,50.79
republica-checa,2020,120.29,193.3,53.59
republica-checa,2019,117.89,188.74,51.51
republica-checa,2018,116.49,186.99,50.34
republica-checa,2017,113.11,182.97,47.51
republica-checa,2016,111.05,179.62,45.96
republica-democratica-congo,2021,30.93,48.65,16.11
republica-democratica-congo,2020,30.22,47.7,15.47
republica-democratica-congo,2019,29.32,45.66,15.34
republica-democratica-congo,2018,28.65,44.98,15.04
republica-democratica-congo,2017,27.95,44.62,14.75
republica-democratica-congo,2016,27.37,43.13,14.54
republica-dominicana,2021,55.11,86.51,29.98
republica-dominicana,2020,56.56,85.84,30.42
republica-dominicana,2019,53.37,81.3,28.61
republica-dominicana,2018,53.1,79.97,28.59
republica-dominicana,2017,51.56,76.01,27.21
republica-dominicana,2016,50.09,75.75,26.1
ruanda,2021,15.93,26.11,8.94
ruanda,2020,15.38,25.05,8.52
ruanda,2019,14.69,23.54,8.24
ruanda,2018,14.12,22.36,7.8
ruanda,2017,13.62,21.74,7.63
ruanda,2016,13.14,20.69,7.4
rumania,2021,148.66,228.47,81.17
rumania,2020,145.43,219.97,79.37
rumania,2019,143.87,216.73,78.45
rumania,2018,142.98,217.09,77.84
rumania,2017,139.85,211.43,76.88
rumania,2016,137.31,207.47,75.18
rusia,2021,122.21,200.61,44.35
rusia,2020,119.47,196.77,44.53
rusia,2019,119.0,193.48,44.16
rusia,2018,119.3,193.55,44.61
rusia,2017,116.87,189.55,44.04
rusia,2016,119.75,194.77,45.68
samoa,2021,113.12,170.97,56.54
samoa,2020,112.45,171.19,55.9
samoa,2019,111.84,168.41,55.17
samoa,2018,111.07,167.4,54.27
samoa,2017,110.15,164.95,52.81
samoa,2016,108.95,164.05,51.82
san-cristobal-nieves,2021,105.21,156.32,58.18
san-cristobal-nieves,2020,101.07,149.42,55.19
san-cristobal-nieves,2019,98.04,143.89,53.67
san-cristobal-nieves,2018,94.73,137.94,53.46
san-cristobal-nieves,2017,91.26,132.91,51.79
san-cristobal-nieves,2016,88.31,128.47,50.23
san-vicente-las-granadinas,2021,109.85,159.35,67.21
san-vicente-las-granadinas,2020,107.51,154.92,66.19
san-vicente-las-granadinas,2019,105.23,153.81,64.53
san-vicente-las-granadinas,2018,98.71,142.52,60.48
san-vicente-las-granadinas,2017,92.59,131.79,57.51
san-vicente-las-granadinas,2016,88.72,126.29,54.66
santa-lucia,2021,100.31,152.97,55.34
santa-lucia,2020,94.41,140.08,53.95
santa-lucia,2019,88.52,131.49,51.29
santa-lucia,2018,84.89,125.44,49.72
santa-lucia,2017,80.88,117.68,47.49
santa-lucia,2016,76.72,110.26,44.54
santo-tome-principe,2021,31.13,48.64,16.49
santo-tome-principe,2020,30.66,47.62,16.1
santo-tome-principe,2019,29.98,46.77,15.85
santo-tome-principe,2018,29.24,45.88,15.49
santo-tome-principe,2017,28.4,44.81,15.45
santo-tome-principe,2016,28.03,44.19,15.2
senegal,2021,29.27,45.77,16.04
senegal,2020,29.13,45.38,16.05
senegal,2019,28.87,44.68,15.83
senegal,2018,27.69,42.69,15.34
senegal,2017,27.58,42.15,15.39
senegal,2016,27.39,41.66,15.59
serbia,2021,162.78,252.66,81.86
serbia,2020,163.33,250.87,80.75
serbia,2019,157.13,239.92,78.74
serbia,2018,153.35,235.52,76.34
serbia,2017,153.79,238.42,77.17
serbia,2016,149.54,232.87,75.58
seychelles,2021,86.06,122.82,55.05
seychelles,2020,84.01,118.76,53.79
seychelles,2019,93.42,130.39,58.27
seychelles,2018,90.94,126.15,56.2
seychelles,2017,88.02,121.93,54.49
seychelles,2016,85.18,117.97,53.71
sierra-leona,2021,20.33,32.85,10.95
sierra-leona,2020,20.07,32.13,10.77
sierra-leona,2019,19.84,31.49,10.71
sierra-leona,2018,19.56,31.06,10.6
sierra-leona,2017,19.37,30.9,10.44
sierra-leona,2016,19.12,30.16,10.14
singapur,2021,21.6,33.81,10.69
singapur,2020,20.99,32.92,10.54
singapur,2019,20.25,31.65,10.24
singapur,2018,20.07,31.18,10.47
singapur,2017,19.58,30.1,10.3
singapur,2016,19.02,28.86,10.17
siria,2021,120.12,193.22,60.89
siria,2020,116.72,186.62,59.86
siria,2019,112.38,179.61,57.9
siria,2018,106.41,165.17,53.52
siria,2017,98.7,151.84,50.07
siria,2016,89.78,138.94,45.9
somalia,2021,14.6,24.92,8.21
somalia,2020,14.7,24.97,8.16
somalia,2019,14.71,24.93,8.17
somalia,2018,14.65,24.86,8.08
somalia,2017,14.58,24.76,7.99
somalia,2016,14.54,24.91,7.92
sri-lanka,2021,46.74,81.97,20.72
sri-lanka,2020,42.77,76.66,18.65
sri-lanka,2019,45.19,77.05,20.51
sri-lanka,2018,44.32,74.14,21.52
sri-lanka,2017,42.93,69.72,20.42
sri-lanka,2016,41.5,65.06,19.45
suazilandia,2021,87.55,139.36,44.88
suazilandia,2020,89.29,141.81,45.04
suazilandia,2019,89.72,143.77,43.92
suazilandia,2018,89.39,141.74,44.32
suazilandia,2017,88.77,142.09,44.28
suazilandia,2016,88.21,142.51,44.75
sudafrica,2021,92.64,135.8,52.57
sudafrica,2020,92.78,135.12,51.68
sudafrica,2019,89.45,130.38,49.96
sudafrica,2018,91.43,130.98,52.39
sudafrica,2017,91.6,132.35,51.86
sudafrica,2016,93.52,136.08,52.83
sudan,2021,13.01,21.5,7.44
sudan,2021,44.85,70.99,23.47
sudan,2020,12.86,21.22,7.44
sudan,2020,44.16,69.78,23.26
sudan,2019,12.64,20.68,7.27
sudan,2019,43.29,68.06,22.78
sudan,2018,12.08,19.87,6.9
sudan,2018,42.41,66.78,22.2
sudan,2017,10.89,18.17,6.07
sudan,2017,41.63,65.7,21.49
sudan,2016,9.84,16.17,5.5
sudan,2016,40.96,64.6,21.32
suecia,2021,61.78,102.43,27.09
suecia,2020,62.92,104.14,26.5
suecia,2019,63.61,104.76,27.34
suecia,2018,65.31,107.42,28.39
suecia,2017,66.63,108.57,29.41
suecia,2016,66.11,108.42,28.76
suiza,2021,53.9,88.21,23.89
suiza,2020,56.05,91.87,25.41
suiza,2019,54.33,88.6,24.47
suiza,2018,55.12,89.84,25.16
suiza,2017,54.47,88.27,24.86
suiza,2016,54.94,89.67,24.96
surinam,2021,69.7,108.86,34.92
surinam,2020,73.81,113.63,39.35
surinam,2019,72.94,110.66,39.95
surinam,2018,69.93,105.81,38.44
surinam,2017,66.23,100.3,36.56
surinam,2016,63.55,95.7,34.76
tailandia,2021,48.22,80.09,22.49
tailandia,2020,45.7,74.89,21.24
tailandia,2019,43.28,70.12,20.44
tailandia,2018,39.93,64.45,18.8
tailandia,2017,37.28,60.5,17.52
tailandia,2016,35.88,57.5,16.78
tanzania,2021,24.58,39.61,13.3
tanzania,2020,24.34,39.28,13.26
tanzania,2019,23.85,38.65,12.94
tanzania,2018,23.46,38.13,12.71
tanzania,2017,23.05,37.68,12.44
tanzania,2016,22.59,35.82,12.15
tayikistan,2021,34.95,55.42,17.13
tayikistan,2020,34.89,55.4,17.27
tayikistan,2019,34.49,53.78,17.46
tayikistan,2018,34.49,53.36,17.53
tayikistan,2017,34.36,52.62,17.62
tayikistan,2016,34.91,52.83,18.03
timor-oriental,2021,11.24,17.71,6.61
timor-oriental,2020,11.04,17.23,6.61
timor-oriental,2019,10.89,17.01,6.56
timor-oriental,2018,10.56,16.62,6.42
timor-oriental,2017,10.21,15.84,6.33
timor-oriental,2016,9.86,15.26,6.17
togo,2021,26.09,41.1,13.91
togo,2020,25.43,40.39,13.64
togo,2019,24.81,39.3,13.48
togo,2018,24.25,38.55,13.14
togo,2017,23.73,37.8,12.83
togo,2016,22.99,36.69,12.44
tonga,2021,109.9,166.3,49.76
tonga,2020,108.33,164.22,49.54
tonga,2019,106.99,162.39,49.55
tonga,2018,105.7,159.57,49.04
tonga,2017,104.34,158.08,48.67
tonga,2016,102.93,155.44,48.09
trinidad-tobago,2021,153.73,234.13,79.03
trinidad-tobago,2020,151.1,233.08,76.98
trinidad-tobago,2019,144.27,212.94,74.91
trinidad-tobago,2018,139.1,201.5,72.85
trinidad-tobago,2017,135.97,195.98,70.45
trinidad-tobago,2016,133.85,195.69,71.06
tunez,2021,80.89,125.69,41.35
tunez,2020,78.7,123.54,39.85
tunez,2019,76.65,119.83,39.38
tunez,2018,74.36,117.71,38.26
tunez,2017,72.15,114.9,38.03
tunez,2016,69.4,109.35,36.98
turkmenistan,2021,66.02,110.24,28.98
turkmenistan,2020,65.46,105.63,28.76
turkmenistan,2019,64.5,103.47,28.33
turkmenistan,2018,63.05,100.47,27.65
turkmenistan,2017,61.85,97.54,27.5
turkmenistan,2016,59.89,93.85,27.36
turquia,2021,86.92,130.95,44.57
turquia,2020,86.03,129.53,44.25
turquia,2019,82.61,125.78,42.49
turquia,2018,79.7,121.55,41.81
turquia,2017,80.2,120.58,42.88
turquia,2016,79.89,119.51,42.92
tuvalu,2021,145.01,224.01,65.42
tuvalu,2020,144.44,224.24,65.01
tuvalu,2019,143.94,224.75,66.06
tuvalu,2018,143.5,226.23,66.15
tuvalu,2017,142.78,225.1,66.16
tuvalu,2016,141.92,223.89,65.36
ucrania,2021,152.2,261.06,57.3
ucrania,2020,148.73,249.74,56.68
ucrania,2019,154.7,256.76,59.46
ucrania,2018,151.39,254.14,58.13
ucrania,2017,147.86,244.27,55.22
ucrania,2016,145.76,238.95,56.77
uganda,2021,12.83,20.17,6.85
uganda,2020,12.59,19.88,6.8
uganda,2019,12.24,19.22,6.7
uganda,2018,11.97,18.88,6.54
uganda,2017,11.69,18.42,6.37
uganda,2016,11.53,18.17,6.16
uk,2021,58.77,100.8,20.2
uk,2020,58.48,100.85,20.43
uk,2019,59.99,103.14,20.86
uk,2018,60.19,103.6,20.96
uk,2017,59.4,102.18,20.61
uk,2016,59.06,101.52,20.41
uruguay,2021,85.73,135.48,40.79
uruguay,2020,80.54,127.36,37.92
uruguay,2019,84.44,132.46,40.37
uruguay,2018,82.43,128.76,39.5
uruguay,2017,80.59,126.22,38.34
uruguay,2016,79.47,125.04,37.08
usa,2021,100.67,154.24,48.23
usa,2020,99.28,151.84,48.34
usa,2019,97.83,149.49,47.45
usa,2018,95.86,146.43,46.27
usa,2017,94.15,144.29,44.96
usa,2016,91.75,140.97,43.4
uzbekistan,2021,62.32,97.96,30.11
uzbekistan,2020,61.41,96.53,28.83
uzbekistan,2019,60.73,94.09,28.9
uzbekistan,2018,62.7,98.48,29.35
uzbekistan,2017,64.22,99.74,29.99
uzbekistan,2016,64.34,100.27,30.12
vanuatu,2021,71.19,110.81,32.15
vanuatu,2020,69.79,108.16,31.31
vanuatu,2019,68.27,105.05,30.93
vanuatu,2018,66.79,103.39,30.0
vanuatu,2017,65.29,101.1,29.44
vanuatu,2016,63.89,98.49,28.55
venezuela,2021,99.92,155.32,51.89
venezuela,2020,94.11,149.88,49.62
venezuela,2019,85.74,133.28,45.59
venezuela,2018,76.33,115.27,40.73
venezuela,2017,71.37,104.33,39.16
venezuela,2016,70.83,103.67,38.76
vietnam,2021,18.93,30.1,9.94
vietnam,2020,18.34,29.05,9.58
vietnam,2019,17.63,28.07,9.19
vietnam,2018,16.94,26.74,8.88
vietnam,2017,16.23,25.6,8.48
vietnam,2016,15.54,24.46,8.18
yemen,2021,32.85,51.68,17.71
yemen,2020,31.89,50.58,17.27
yemen,2019,30.52,47.71,16.47
yemen,2018,28.51,45.27,15.19
yemen,2017,27.29,43.52,14.81
yemen,2016,26.55,41.39,14.93
yibuti,2021,15.82,25.47,8.76
yibuti,2020,15.29,24.86,8.55
yibuti,2019,14.84,23.7,8.2
yibuti,2018,14.28,22.83,7.78
yibuti,2017,13.97,22.6,7.81
yibuti,2016,13.44,21.53,7.44
zambia,2021,23.74,37.0,13.34
zambia,2020,23.6,37.17,13.42
zambia,2019,23.06,36.57,13.31
zambia,2018,22.44,35.17,13.09
zambia,2017,21.88,33.96,12.7
zambia,2016,21.46,32.83,12.56
zimbabue,2021,43.66,71.58,23.1
zimbabue,2020,43.82,70.76,23.64
zimbabue,2019,43.33,69.52,23.34
zimbabue,2018,42.54,68.38,22.91
zimbabue,2017,41.68,66.68,22.65
zimbabue,2016,41.13,65.26,22.51
